片名,评分,热度,主题,年份,简介,BV码
闪闪的儿科医生,9.9分,2.7亿播放  ·  40.5万弹幕  ·  65.8万追剧,医疗 / 社会 ·,2023 ·,简介：《闪闪的儿科医生》是由哔哩哔哩、深圳广电集团、中广天择、深圳市卫健委、深圳市儿童医院联合打造的大型治愈系医疗纪实节目，节目选取最具代表性的科室及医护人员，聚焦普通人与医院最常发生交集的场景，以儿科医生的工作生活为缩影，围绕不同儿科科室，讲述新生儿、学习困难、单亲带娃、心理问题等育儿热点，将故事辐射社会生活的各个层面，带领观众感悟人生百态，以点带面树立极致鲜活的儿科医生形象，构建温馨、和谐、互助共赢的医患关系。,BV1QV4y1R75B
地球脉动 第三季,9.9分,6283.1万播放  ·  7.8万弹幕  ·  141.8万系列追剧,自然 / 动物 ·,2023 ·,简介：全球最成功的现象级纪实内容IP《地球脉动》（Planet Earth）震撼回归，全新系列《地球脉动III》由BBC Studios自然历史部历时5年拍摄完成，BBC金牌制作人迈克尔·冈顿（Michael Gunton）担任总制片人，被誉为“世界自然纪录片之父”的大卫·爱登堡爵士（Sir David Attenborough）担纲解说，好莱坞金牌配乐大师汉斯·季默（Hans Zimmer）及团队倾力打造原声配乐。承袭该系列对大自然的敬畏感、美感和温暖基调，《地球脉动III》围绕“海陆之间”、“波涛之下”、“广袤之地”、“滴水之源”、“林木之中”、“极端之境”、“与人共舞”和“家园卫士”8个不同主题，探索地球上众多令人称奇的栖息地，生动呈现自然界最壮丽恢弘的奇观与野生动物们不可思议的生存传奇，揭示大自然发生的惊人变化及深远影响，感受生命的延续与轮回。,BV1gg4y1o75K
舌尖上的中国 第一季,9.9分,7279.3万播放  ·  30.4万弹幕  ·  113.8万系列追剧,美食 ·,2020 ·,简介：该片从2011年3月开始大规模拍摄，是国内第一次使用高清设备拍摄的大型美食类纪录片。摄制组在一年多的时间里，踏遍中国的山山水水，从繁华的东南沿海大都市到边远的大山深处的村落，编导们拍下了一道道美味佳肴，更纪录了一个个触动人心的故事。在每一种食材、每一种制作工艺的背后，都蕴含着丰富的文化信息，彰显着中国作为东方文明古国的深厚传统；同时通过描绘人和食物的故事，展示着这片土地上人与人之间、人与大自然之间的和谐美好的关系。,BV1MK4y1v7Sj
河西走廊,9.9分,3073.9万播放  ·  39.3万弹幕  ·  106万追剧,历史 / 人文 ·,2015 ·,简介：《河西走廊》是一部由中共甘肃省委宣传部、中央电视台科教频道联合出品，北京伯璟文化传播有限公司承制的十集系列纪录片。该片以位于中国西部的重要通道，丝绸之路的黄金段——河西走廊为讲述对象，从政治、军事、经济、文化、宗教等多角度呈现了从汉代开始直至今天，河西走廊及其连接的中国 西部 的历史，以及它对中国历史和文明进程中所发挥的独特作用。“河西走廊关乎国家经略”是贯穿全篇的主题。,BV1Fx41117jB
蓝色星球 第二季,9.9分,1751.5万播放  ·  3万弹幕  ·  86.9万系列追剧,动物 / 自然 ·,2022 ·,"简介：《蓝色星球II》将由大卫·爱登堡爵士主持。在长达4年的拍摄过程中, 制作团队共执行了125次的探险，水下拍摄时数长达到6000多个小时。与2001年首播的《蓝色星球》相隔16年之后，制作团队透过新的科技技术突破以往限制，将许多过去未知的地带、惊人的生物及其令人瞠目结舌的举动呈现在观众眼前自从《蓝色星球》2001年开播以来，我们对大海之下生命的理解被彻底颠覆了。从北极熊出没的北冰洋到焕发着勃勃生机的蓝色珊瑚环礁，本系列纪录片同大家分享一些令人吃惊的新发现；邂逅在南冰洋深处神出鬼没的奇怪章鱼，观赏巨大的鲹鱼跳出水面，飞跃到半空中捕鱼；骑在虎鲸的背上，同它一起冲向鱼群。《蓝色星球2》带领我们体验让人敬畏称奇的新地方，见识魅力四射的新物种，了解非同寻常的新行为。",BV1SR4y1f7Ac
绿色星球,9.9分,1.5亿播放  ·  29.8万弹幕  ·  166万系列追剧,自然 ·,2022 ·,简介： 《绿色星球》是全球首个通过沉浸式的呈现方式聚焦植物的4K纪录片，为观众揭开了这个不为人知却又和人类紧密相关的隐秘世界。“世界自然纪录片之父”大卫·爱登堡爵士将前往美国、哥斯达黎加、克罗地亚和北欧，从沙漠到山区，从雨林到冰天雪地的北极，带领观众进入一个超出人类想象的世界。,BV1qZ4y1D7tX
地球脉动,9.9分,2808.4万播放  ·  30万弹幕  ·  141.8万系列追剧,自然 / 动物 ·,2006 ·,简介：从南极到北极，从赤道到寒带，从非洲草原到热带雨林，再从荒凉峰顶到深邃大海，难以数计的生物以极其绝美的身姿呈现在世人面前。我们看到了Okavango洪水的涨落及其周边赖以生存的动物们的生存状态，看到了罕见的雪豹在漫天大雪中猎食的珍贵画面；看到了冰原上企鹅、北极熊、海豹等生物相互依存的严苛情景，也见识了生活在大洋深处火山口高温环境下的惊奇生物。当然还有地球各地的壮观美景与奇特地貌。,BV1Ux411S7oh
数学漫步之旅,9.9分,1358.8万播放  ·  6989弹幕  ·  36.8万追剧,科技 / 人文 ·,2022 ·,简介：我们将尝试解释数学，并非学校里教的那样，而是一种诗意的、神秘的思维结构。它强调逻辑，即数学让我们掌握的现实中的实际应用。这个系列旨在让好奇的观众发现数学新奇的一面，让他们觉得数学是思考的一部分，是文化的一部分。,BV1mY4y1E7CC
人生第一次,9.9分,5472.6万播放  ·  45.1万弹幕  ·  152.5万系列追剧,人文 / 社会 ·,2020 ·,简介：《人生第一次》是央视网联合上海广播电视台纪录片中心、bilibili出品的12集系列人文纪录片，旨在通过蹲守拍摄，观察不同人群在人生重要节点的“第一次”，以点带面，折射中国人当下的生存哲学。纪录片时间维度上贯穿了出生、上学、成家、立业、养老等人生中不同阶段，空间上分布于医院、学校、军队、村庄、工厂、老年大学等不同人生场景。每集开头，邀请一位与故事内核相呼应的“故事讲述人”引出正片，对故事的旁白进行配音和情感诠释。,BV1fJ411E7pb
荒野求生 第一季,9.9分,3893万播放  ·  65.1万弹幕  ·  161.7万系列追剧,探险 ·,2019 ·,简介：Discovery频道真人秀节目，曾服役于英国特种部队的求生专家贝尔·格里尔斯每集被空降到一处环境恶劣、甚至有致命危险的无人地，如雨林、沙漠、丘陵、冰原等，浑身只携带一点简陋工具，由摄影小组全程记录他的整个逃生过程。他会利用各种求生技巧，包括判断方向、寻找水源、获取食物等等，我们可以惊异地看着贝尔大啖蛆、生肉、昆虫、爬虫，如何利用自己的尿液，如何用木棍击杀野兔，如何对抗烈日、寻找夜间藏身之所，最终成功在时限之内到达有人类活动的领域。从而教会观众在同等险境中该如何脱身。,BV1cW411Z7fL
绿色星球（中配版）,9.9分,1376.0万播放  ·  5.5万弹幕  ·  166万系列追剧,自然 ·,2022 ·,简介：《绿色星球》是全球首个通过沉浸式的呈现方式聚焦植物的4K纪录片，为观众揭开了这个不为人知却又和人类紧密相关的隐秘世界。“世界自然纪录片之父”大卫·爱登堡爵士将前往美国、哥斯达黎加、克罗地亚和北欧，从沙漠到山区，从雨林到冰天雪地的北极，带领观众进入一个超出人类想象的世界。,BV19a411z7oH
一路前行,9.9分,1257.8万播放  ·  4.2万弹幕  ·  5.1万追剧,人文 / 自然 ·,2023 ·,简介：《一路前行》是上海广播电视台联合哔哩哔哩出品的大型公益环保纪实节目。胡歌、刘涛、陈龙三位著名演员作为项目发起人，实地参与到了诸多公益环保的实践中，完成了一次绿色低碳的全媒体行动。该节目以沉浸观察记录的形式，聚焦环境保护工作和低碳生活方式，展现了一系列推动绿色发展、共同建设美丽中国的故事，是一次重审人与自然关系的问心之旅。,BV12c411X7q4
机甲大师 第四季（2023）,9.9分,74.3万播放  ·  3524弹幕  ·  1.1万系列追剧,科技 ·,2023 ·,简介：由 DJI  ROBOMASTER 出品的《机甲大师 2023》，是海内外首部纪录青年工程师成长的纪录片。2023年，《机甲大师》第四季纪录长片倾情归来，影片见证了那些坚守初心、激极尽志的青年工程师们，通过对技术的创新研发、与团队的磨合与碰撞、面临选择时的果敢与坚持，在青春之路的成长与蜕变，最终走上通往全球顶级竞技舞台的完整历程。,BV11h4y1r7nS
锻刀大赛 第2季,9.9分,686.6万播放  ·  1.6万弹幕  ·  11.1万系列追剧,科技 ·,2023 ·,"简介：节目于纽约布鲁克林拍摄。参赛者会在“锻工坊”里进行铸刀，内备各式金属加工器械、丙烷锻造设备、煤锻造设备、动力锤、研磨机、液压机。在每一轮淘汰赛的结束阶段，打造的武器被评为最差的锻造师会被淘汰并离场。现场有医疗人员从旁协助，以便处理任何因为锻造而产生的伤害或其他健康问题，若他们认定某些参赛者无法再安全地参赛，他们也有权让参赛者退赛。
最优秀的刀剑制造者会面对面地制造各种武器，从维京战斧到武士刀再到印度爪刀。每周都有新的武器和选手，以及对他们创造的惊人测试。在每一集的独立节目中，四名新选手都要证明自己能造出比其他人更好的武器，而且他们是用手造的。这部影片将制造武器的工艺、传奇和刺激变成了一场智慧、机智和独创性的对抗时间的战斗。",BV1wu4y1d7YB
极径,9.9分,153.3万播放  ·  1.4万弹幕  ·  2.6万追剧,探险 / 旅行 / 运动 / 自然 ·,2023 ·,简介：《极径》由阅路山出品，汇集了国内顶尖资深徒步者、以及影像的玩家。影片将跟随队员的徒步行走轨迹，去记录藏区最为极致的风光与人文。从世界海拔最高的喜马拉雅山脉开启云端之上的雪山盛宴，一路向西，至喜马拉雅山脉中段的希夏邦马峰，近距离去感受宛如冰雪仙境般的冰塔林，再往北进入与喜马拉雅山脉平行的冈底斯山脉最高峰冷布岗日，感受国王峰的威严与神秘，而后至冈底斯山脉的主峰冈仁波齐，去朝圣这万山之王。饱览过雪山盛宴之后，我们将转头来到藏东南，这片遗落人间的桃源秘境，这里不仅野花肆意盛开、海子林间点缀，也有着让人痴迷的雪山。,BV16D4y1W7Nu
无穷之路2 无价之保（粤语版）,9.9分,189.2万播放  ·  8219弹幕  ·  37.2万系列追剧,社会 ·,2023 ·,简介：在国家改革开放之初，于大街上随便找一个人谈环保，人们很可能会说还是“先发展”更重要; 对“发展”与“环境”的关系，多年来，国家经历了一场又一场深刻的体验与反思。经济增长的代价往往是环境污染、生态原貌急剧恶化等，人们痛定思痛之后，走上了艰巨的转型之旅。 近年，中国宣布全力推进生态文明建设，坚持人与自然和谐共生。制作团队再次踏上征途，由全国最南走到最北，深入极地无人区、沙漠、海底，又见证政府如何保护藏羚羊、野生象、新疆雪豹、长江鱼类等; 带观众探索中国的生态重建之路。,BV1w8411P7JE
野犬家族,9.9分,434.8万播放  ·  6583弹幕  ·  4.1万追剧,动物 / 自然 ·,2023 ·,简介：同一个家族，37张不同的面孔。这是一部极具突破意义的纪录片，对动物群像极具权威性的刻画，将永远改变我们对野生犬科动物的看法。野生犬科动物家族是地球上最成功的食肉动物。片中展现出许多难以置信的野生犬科习性与行为：不仅包括体型最大的，速度最快的，行踪最为隐秘和最聪明的犬类，甚至还有能爬树或通过打喷嚏来交流的犬种。走近犬科动物在荒蛮绝境生生不息的繁衍故事，并了解他们的生存智慧、交流方式和家庭纽带如何在族群存续中发挥关键的作用。,BV1624y1G7tJ
地球脉动 第二季,9.9分,1608.3万播放  ·  4.6万弹幕  ·  141.8万系列追剧,自然 / 动物 ·,2022 ·,简介： 曾经惊艳世人的纪录片《地球脉动》，再次由来自BBC的制作团队倾力呈献出最新的第二季。在这一季里，观众们将继续见证地球各个角落动物、植物平凡而精彩的生命瞬间。本季总共六集，分为岛屿、山脉、丛林、沙漠、草原和城市，树懒、巨蜥、狐猴、海鬣蜥、帽带企鹅、雪豹、金雕、蜘蛛猴、美洲豹……大自然的神奇之手创造的万千生物以其各自的习性自幼生活在生身土地之上。他们顺应着严苛的自然环境，顽强追逐着明日的朝阳。然而人类肆无忌惮的活动则侵蚀着其他生物的生存环境。它们渺小而伟大，通过BBC的镜头，生命的光辉得以放大，闪耀在地球的每一个角落。,BV1Pe4y147Zj
天才职业故事,9.9分,2373.7万播放  ·  17.1万弹幕  ·  21.6万追剧,社会 / 医疗 / 罪案 / 人文 ·,2022 ·,"简介：《天才职业故事》是由天才捕手计划出品的首部动画纪录片，打捞各种带劲的职业，每集讲述一个不为人知的真实职业故事。
《天才职业故事》试图通过挖掘和讲述真实的职业故事，帮助青年了解更多的职业信息，消除迷茫，打破对职业的偏见和幻想。",BV11w411o7xq
王朝 2（中配版）,9.9分,2188.4万播放  ·  3.5万弹幕  ·  69.2万系列追剧,动物 / 自然 ·,2022 ·,简介：从巴塔哥尼亚冰天雪地的安第斯山脉，到赞比亚广袤无垠的平原，再到乞力马扎罗山山麓的辽阔草原，《王朝II》重磅回归——这部系列片比前作更精彩纷呈，内容一波三折，从新颖的角度为观众展现一群极具魅力的动物不为人知的生活面貌。,BV1MZ4y1b7PW
再会长江,9.9分,388.1万播放  ·  4.8万弹幕  ·  7.9万追剧,人文 / 历史 / 社会 ·,2022 ·,"简介：2011年，竹内导演为NHK拍摄纪录片《长江天地大纪行》，以此为契机，深深爱上了中国的土地，并决定迁居中国。十年后，决定重走一遍这6300多公里。

透过一条江，看中国这十年的变化。中国经济高速发展的这十年，如何通过长江的一路风光，以及在长江沿岸普通百姓的真实生活中展示出来。经济发展的同时，又能给人类带来哪些感悟与反思呢？",BV11Y411V7Sm
今生，请多指教2,9.9分,64.5万播放  ·  1万弹幕  ·  3.3万系列追剧,萌宠 ·,2022 ·,简介：兽医在中国还只能算一个新兴的行业，初级阶段也存在着良莠不齐的现象，对普通受众来说，这个专业的关键词常常是“贵”、“听不懂”、“不高级”。但该专业其实对从业者要求极高，医生常常是全科操作，要有翻译阅读纯外语学术文章的能力，还要有足够的体能和抗压能力。值得期待的是，虽然这行的路非常难走，还是有大量的年轻人选择了这个专业。,BV1W5411x7tP
盛会,9.9分,1618.8万播放  ·  3.5万弹幕  ·  23.9万追剧,人文 / 社会 / 运动 ·,2022 ·,简介：《盛会》将从一个独特的幕后视角出发，展现北京2022年冬奥会开幕式演出的创作过程。这部2集的纪录片讲述了中国导演张艺谋和他精心挑选的团队历时三年的设计和制作过程。在这场全球疫情中，他们争分夺秒地制作出一系列令人印象深刻的表演。从奥运五环的设计和创造，到奥运火炬的展示，甚至再到艺术家蔡国强的烟花表演测试场地，该系列节目为观众提供了一个珍贵的内幕视角，欣赏这一全球盛事以及使其成为可能的尖端技术。在北京的标志性建筑“鸟巢”国家体育场和中国各地的秘密测试场地中，开幕式的故事将由参与该项目的关键人物讲述，并围绕张艺谋导演本人为中心，带来一组珍贵的个人采访。,BV1Tm4y1Z7zU
寻找手艺4,9.9分,66.9万播放  ·  6449弹幕  ·  28.7万系列追剧,历史 / 人文 ·,2022 ·,简介：《寻找手艺4》延续了寻找手艺系列的风格，以最真实的状态，分别记录了布袋戏、铁匠、皮影、锡匠、羊毛毡、鸽哨、错金银等40多项手艺，本次选取其中12项入正片。,BV1iT4y1m76K
吾家吾国·宝藏老人的那束光,9.9分,146.5万播放  ·  2288弹幕  ·  1.7万追剧,人文 / 社会 ·,2022 ·,简介：《吾家吾国》是由中央广播电视总台新闻中心、新闻新媒体中心、创新发展研究中心联合打造的一档针对国之大家的挖掘式纪实采访节目。《吾家吾国·宝藏老人的那束光》作为节目衍生内容，以记者王宁的视角出发，记录《吾家吾国》节目录制过程中自己的真实感受，与“大家”的真诚对话和深刻的思考。,BV1eT4y127ni
无穷之路（粤语版）,9.9分,494.3万播放  ·  4.6万弹幕  ·  37.2万系列追剧,社会 ·,2021 ·,简介：节目由陈贝儿担任主持，与摄制队穿梭全国六个省份，包括：四川、云南、宁夏、海南、广西、贵州，深入十个贫困县。整个旅程历时两个多月，经历几千里路。走遍南北踏上「无穷之路」，由全国最南部的热带雨林、走到云贵高原大峡谷、踏进大西北戈壁沙漠、进入川藏高原，深入民生了解各地在脱贫过程中的转变，细谈当中面对的挑战，分享成功脱贫故事。通过今昔对比，由偏远乡郊小镇赶上现今社区发展的步伐，回顾以往受生活条件所限的同时，呈现今天的幸福来之不易。,BV1X34y197hr
无穷之路,9.9分,1363万播放  ·  6.4万弹幕  ·  37.2万系列追剧,社会 ·,2021 ·,简介：节目由陈贝儿担任主持，与摄制队穿梭全国六个省份，包括：四川、云南、宁夏、海南、广西、贵州，深入十个贫困县。整个旅程历时两个多月，经历几千里路。走遍南北踏上「无穷之路」，由全国最南部的热带雨林、走到云贵高原大峡谷、踏进大西北戈壁沙漠、进入川藏高原，深入民生了解各地在脱贫过程中的转变，细谈当中面对的挑战，分享成功脱贫故事。通过今昔对比，由偏远乡郊小镇赶上现今社区发展的步伐，回顾以往受生活条件所限的同时，呈现今天的幸福来之不易。,BV1ni4y1o7j6
无尽攀登,9.9分,387.5万播放  ·  4468弹幕  ·  3.9万追剧,人文 / 探险 / 自然 / 旅行 ·,2022 ·,简介：世界第一高峰珠穆朗玛峰每年都迎来无数梦想者的挑战，夏伯渝是第一位靠假肢成功登上珠穆朗玛峰的中国“硬核大爷”！1975年夏伯渝加入中国登山队，在攀登珠峰时因帮助队友，导致自己因冻伤而双小腿被截肢，但他并未放弃自己登顶珠峰的梦想。在经历双腿截肢、癌症侵扰、病痛折磨的43年里，夏伯渝五次冲击珠穆朗玛峰，凭借自己的坚持不懈与热爱，最终于2018年5月14日被珠峰接纳，在69岁高龄成功登顶。这使他成为无腿登顶珠峰中国第一人，也是继姚明、刘翔、中国奥运代表团和李娜之后获得劳伦斯世界体育奖年度最佳体育时刻奖的中国人。,BV1hP4y1J793
凡人时代 第二季,9.9分,49万播放  ·  1248弹幕  ·  1.6万追剧,人文 ·,2021 ·,简介：《凡人时代》系列原创纪录片，由叙述方式文化出品，关注不同行业人物的真实人生，以平视的视角、温暖的风格，真实记录时代故事。,BV1Qq4y1H7Mr
火线救援,9.9分,2894.1万播放  ·  9.8万弹幕  ·  16.2万追剧,社会 ·,2021 ·,简介：《火线救援》是由哔哩哔哩联合出品的消防员题材系列纪录片，采用24小时蹲点贴身跟踪式拍摄手法，与一线消防员们同吃同住同出警，从第一视角记录城市英雄的故事，同时深入消防员个人家庭生活，展现其硬汉柔情的另一面。,BV1BR4y1E7do
1950他们正年轻,9.9分,798.6万播放  ·  3.4万弹幕  ·  18.7万追剧,纪实 ·,2021 ·,简介：2014年，首批437具中国志愿军烈士遗骸归国，离开祖国60多年的烈士英灵终于得以回家。71年前，那些花一样年轻的战士走上了抗美援朝战场，有些人回来了，而有些人永远地留在了那片土地上。,BV1Tr4y1m7rS
狗狗之家,9.9分,87.3万播放  ·  3781弹幕  ·  1.3万追剧,萌宠 / 动物 ·,2021 ·,简介：英国有近900万只狗，但为它们找到合适的家却不总是那么容易。故事发生在英国郊区一所狗狗救援中心，他们为流浪狗寻找新家。这个系列见证了人与狗的“约会”时刻，每集都记录了不受欢迎的宠物的到来令人心碎的被遗弃故事。,BV1JL4y18782
心外纪事,9.9分,75.7万播放  ·  2394弹幕  ·  2.7万追剧,人文 / 社会 / 医疗 ·,2021 ·,简介：《心外纪事》作为一部“高危病例治疗全纪录”的纪录长片，该片真实完整纪录了在临床治疗过程中，面对一例高危手术病例，医生群体如何从患者立场出发，充分讨论并勇于挑战高难度手术、最终取得成功的故事。片中大量细节真实感人，温暖而开放的故事表达，富有深意且引人深思。,BV1eU4y1E7oU
荒野求生全明星 第四季,9.9分,431.3万播放  ·  6108弹幕  ·  31.5万系列追剧,探险 ·,2021 ·,简介：继荒野求生后，NBC推出了一档全新节目，贝尔-格里尔斯将带领众多名人到偏僻的地方完成为期48小时的探险任务。贝尔将帮助明星“超越他们的极限”。这些明星获得的任务包括吃生肉、从飞机上一跃而下及穿越沙漠峡谷等等精彩冒险。,BV16h411B7xi
人间世 第一季,9.9分,4823万播放  ·  10.3万弹幕  ·  72.8万系列追剧,人文 / 社会 / 医疗 ·,2021 ·,简介：《人间世》是一场以医院为拍摄原点，聚焦医患双方面临病痛、生死考验时的重大选择、通过全景化的纪实拍摄，抓取一般观众无法看到的真实场景，还原真实的医患生态，人性化展现医患关系、全民参与、全民讨论的电视新闻纪录片。希望通过观察医院这个社会矛盾集中体现的标本，反应社会变革期，构建和谐医患关系的艰难前行，通过换位思考和善意的表达，展现一个真实的人间世态。,BV16y4y1L7gv
求偶游戏,9.9分,4924.3万播放  ·  13.3万弹幕  ·  60.4万系列追剧,自然 / 动物 ·,2021 ·,简介：这是动物为寻找配偶繁衍后代而引发的故事，故事引人入胜、令人捧腹又充满戏剧性。从新手到老手，从忠诚的伴侣到彻头彻尾的骗子，从浮夸炫耀到明目张胆的行为。我们将揭示动物寻找配偶的非凡策略。《求偶游戏 》 将深入分析如何才能成功地收获爱情。,BV1Lh411H7Xd
先生 叶连平,9.9分,8.7万播放  ·  651弹幕  ·  5813追剧,社会 ·,2021 ·,"简介：叶连平是安徽马鞍山市和县卜陈村的一名乡村教师。从教43年，94岁高龄的叶连平仍坚守在三尺讲台上。20年来，他免费给附近的留守儿童补习英语，没收过一分钱，被誉为“永不熄灭的乡村烛光”。叶连平一生无儿无女，已决定死后将遗体捐献给蚌埠医学院。
叶连平说“我希望呼出的最后一口气，是在讲台上。”德高为师，身正为范，是为先生。纪录片《先生叶连平》以沉稳的纪实镜头，对准这位白发苍苍的耄耋老人，片中叶连平以蹒跚步伐追赶时间的生命状态触动人心。",BV15K411c7Uw
共和国医者,9.9分,86万播放  ·  2206弹幕  ·  3.4万追剧,社会 ·,2021 ·,简介：《共和国医者》大型献礼纪录片由北京市卫生健康委员会权威指导、北京广播电视台生活频道《医者》栏目燃情制作。主创团队以独特生命视角回首百年征程，围绕1921-2021年数个重大历史节点开展抢救式记录，独家采访了50位平均年龄近96岁的国之大医，并深度呈现他们一生与党共同进退，用热血与求知铺就革命、救治、建设之路的感人故事。,BV16f4y1b7KW
BEATBOX街演旅行纪录片,9.9分,461.6万播放  ·  1.6万弹幕  ·  4.1万追剧,旅行 ·,2021 ·,简介：《张泽beatbox街演纪录片》纪录了我在2019年完成的街演旅行。每到一个新的国家或城市，我会用#beatbox#去街头表演，用赚到的钱，来支付食宿，和去下一站的路费。历时两个月，途径8个国家，11个城市。谢谢在这个旅途当中帮助过我们的人，也谢谢所有支持和喜欢beatbox的朋友们，这一定是我人生当中最最奇妙的一段经历。,BV1S64y127kM
百日大横断,9.9分,325.8万播放  ·  3万弹幕  ·  8.4万追剧,探险 / 旅行 ·,2021 ·,简介：荒野团队由《户外探险》发起，石头带队，于2020年6月10日进山，历时128天，徒步翻过100多个垭口，累计爬升80000多米，横跨四川、云南、西藏三省。一路上顶着三个月的雨季艰难行走，经历多次危险，滑坠悬崖、暴雪围困、山体滑坡、深山遇熊等，身体与精神上的极端浩劫，探索出中国第一部图文详尽、视频丰富的千公里级徒步路线。  完整纪录片分为12集，预计每周更新一集，让你身临其境，跟随我们，一起走进秘境之地——大横断。,BV1yK411F7P3
走近大凉山,9.9分,89.4万播放  ·  1.6万弹幕  ·  3.4万追剧,人文 / 历史 ·,2021 ·,简介：《走近大凉山》由南京和之梦文化传播有限公司制作，解读中国工作室出品。导演竹内亮奔赴与大凉山的“十年之约”，探访悬崖村易地扶贫搬迁、大凉山区小学和足球队，受邀参加当地彝族火把节，体验彝族家庭生活。竹内亮用镜头记录下大凉山的沿途美景、风土人情、文明乡风，揭示大凉山正在发生的深刻巨变。,BV1RQ4y1Z7ZX
但是还有书籍 第2季,9.9分,3847.8万播放  ·  13.9万弹幕  ·  209.4万系列追剧,人文 / 社会 ·,2022 ·,简介：由哔哩哔哩出品，北京小河文化传媒有限公司联合出品的《但是还有书籍 第2季》，将在延续第一季内容和风格的基础上进行拓展和升级。第二季仍致力于记录那些可爱可敬、对书籍怀抱热忱的编舟者、创作者、爱书人，展现他们丰饶有趣的精神世界，定格这个时代烂漫动人的阅读风景，希望让第一季那枚点燃人们读书兴趣的小火花，继续燃烧下去。,BV1TS4y1L7Rc
九零后,9.9分,139万播放  ·  4344弹幕  ·  4.6万追剧,人文 / 历史 ·,2021 ·,简介：1938年初始，山河沦陷。彼时的湖南长沙韭菜园外，包括闻一多等人，三百余名青年学子，在此身背行囊留下一张黑白照后，便又匆匆整装待发，被迫向着南部，徒步迁移。跋山涉险，横穿湘黔滇。历经整整两月有余，行路三千五百里。“世界教育史上的长征”，便也由此得来。终在昆明与其他两路师生汇合，组建了“教育界的珠穆朗玛峰”——西南联大。先后培养出了2位诺奖得主、171位院士和100多位人文大师。足以傲然的数字，伴随着战乱的纷扰。再一转眼，如今那黑白照中的器宇轩昂的少年，也已达耄耋之年。杨振宁、李政道、邓稼先……这些如今我们耳熟能详的名字，终究应有一些画面去掀开曾经的他们。在那些宛若星光璀璨的，应当让我们铭记的光辉背后，褪下光环的他们，又是如何鲜活的度过那些年……,BV1MU4y1w7yc
刘良：中国首例新冠肺炎遗体解剖者,9.9分,495.1万播放  ·  8426弹幕  ·  9.9万追剧,人文 / 医疗 ·,2021 ·,简介：由山东广播电视台出品的人物纪录片《刘良：中国首例新冠肺炎遗体解剖者》讲述了2020年初，在抗击新冠肺炎疫情中一位平凡而又耀眼的英雄——刘良的故事。刘良团队的解剖成果让这场“战疫”有了明确的作战方向。该纪录片题材重大，肩负着“向世界讲好中国抗疫故事”的使命，主角人物刘良自带光环，有家国情怀，使故事看点突出，引人入胜。其中，新冠肺炎遗体标本低温存放，以及纤支镜实验等影像都是首次对外披露。,BV1iK4y1h7BL
大猫,9.9分,2048.6万播放  ·  7.1万弹幕  ·  43.7万追剧,动物 / 自然 ·,2021 ·,简介：一个家族，40种不同面孔！将有非洲狮、虎、美洲豹、金钱豹、猎豹、云豹、雪豹、美洲狮、猞猁、豹猫、虎猫、渔猫、黑足猫、兔狲、薮猫、沙漠猫…等等很多野生猫科动物纷纷出镜！,BV1by4y1E7bV
卡悠提·彼得森：野地大胆王,9.9分,572.6万播放  ·  5889弹幕  ·  4.4万追剧,探险 / 自然 / 动物 ·,2020 ·,简介：动物专家和YouTube名人---土狼彼得森开启了荒野之旅，他遇到了一些世上最不可思议和最危险的动物。,BV1Ri4y1j7gM
为了和平,9.9分,158.4万播放  ·  -弹幕  ·  4.3万追剧,历史 / 人文 ·,2020 ·,简介：该片共6集，分别为《正义担当》《殊死较量》《血性迸发》《英雄赞歌》《万众一心》《伟大胜利》，每集约50分钟，采取史论结合、故事表达的方式，回顾呈现中国共产党领导抗美援朝战争的光辉历程和宝贵经验，全面反映抗美援朝战争的正义性质和伟大胜利，深入反映伟大的抗美援朝精神的丰富内涵和时代价值，集中展示中国人民志愿军的英雄事迹和革命精神，生动展现全国各族人民同仇敌忾、众志成城的大力支援和家国情怀，充分彰显中华民族不畏强暴、维护和平的坚定决心和巨大贡献。,BV1oK411A7dZ
金银潭实拍80天,9.9分,180.5万播放  ·  2.2万弹幕  ·  8.7万追剧,医疗 / 社会 ·,2020 ·,"简介：疫情来袭，武汉市金银潭医院从一个武汉人都觉陌生的名字，一夜之间成为抗疫救治最前线的代名词。
自2月起开始为期80天深入红区（ICU）拍摄的大小故事，探秘身处水深火热的“潭”中人的笑与泪、痛与欣，映照金银潭医院由默默无闻到家喻户晓的砥砺与承担。
五位病患，是平凡的国人，亦是不凡的国人，他们缩影了疫情中的千门万户，透照了纷繁复杂背后的人性纯真，以落点的真实细腻，传人心的破空之声。",BV1v54y1C7Ch
好久不见，武汉,9.9分,130.5万播放  ·  2.6万弹幕  ·  5.0万追剧,人文 / 社会 ·,2020 ·,简介：《好久不见，武汉》影片介绍了住在南京的日本人竹内亮导演，在武汉历经的10天，拍摄了“十个家庭十个故事一座城”。10位受访者，讲述了10个普通家庭在疫情当时，与武汉息息相关的经历。1个小时，10个故事，浓缩10个瞬间，回溯武汉当时经历，串联起我们关于武汉的记忆。欢笑和泪水，毫不掩饰地在镜头前释放。你、我、他，之间的界限变得不那么分明。,BV1aA411i7jV
国家相册 第三季,9.9分,165.5万播放  ·  1324弹幕  ·  2.8万追剧,人文 / 历史 ·,2020 ·,简介：“国家相册”系目前国内唯一一档依托老照片打造的，用照片讲述中国近百年历史的系列电视纪录片栏目。作为新华社精心打造的纪录片形态可视化全媒体产品，“国家相册”首次带着镜头走近这些老照片，把影像讲述与三维特效结合，打开那些被浓缩的人生、被折叠的时代，细述那些鲜为人知的人与故事。自2016年9月2日开播至今，已推出143期，题材广泛，涉及缅怀烈士、扫盲推广、回顾奥运、登山探险、艺术与人民、铁路发展、黄河治理、民俗传承、节庆文化、文明寻根、百姓生活等等。,BV1v54y1X7ta
如果国宝会说话 第三季,9.9分,1296万播放  ·  4.5万弹幕  ·  138.7万系列追剧,人文 / 历史 ·,2020 ·,简介：《如果国宝会说话》共１００集，分为四季播出，第一季将于２０１８年１月１日开始在中央电视台纪录频道首播。为拍摄该纪录片，摄制组足迹遍布全国，拍摄了近百家博物馆和考古研究所，５０余处考古遗址。纪录片没有渲染猎奇和神秘的曲折表述，也避免了高冷的学术性叙事。在每集５分钟的时间里，文物用通俗易懂的语言与观众平等对话，“诉说”发生在自己身上的传奇。,BV1k5411W7sQ
宫崎骏：十年一梦,9.9分,937.1万播放  ·  2.9万弹幕  ·  49.3万系列追剧,人文 ·,2020 ·,简介：NHK电视台从2006年开始跟踪拍摄宫崎骏，制作出纪录片《十年一梦》。宫崎骏是日本当代最重要的电影导演之一，创作了一些在史上独具标志性和广为人知的动画电影。宫崎骏特许了本片的导演和摄影师Kaku Arakawa，仅他一人跟随他工作并拍摄纪录片，镜头将记录下独家、真实的宫崎骏幕后生活。,BV1N5411a7YU
《人间世》抗疫特别节目,9.9分,778.2万播放  ·  5.3万弹幕  ·  72.8万系列追剧,人文 / 医疗 ·,2020 ·,"简介：《人间世》抗疫特别节目秉承沉浸式记录和蹲守式拍摄，大主题、小切入，用鲜活的叙事语言和画面，展现面对重大突发公共卫生事件的时候，人类所表现出的勇气和力量。
这不仅是上海的故事，也是人类的故事",BV1ep4y1Q7Qx
珍·古道尔的传奇一生,9.9分,74.8万播放  ·  3588弹幕  ·  8.9万系列追剧,人文 / 自然 ·,2020 ·,简介：这部广受赞誉的纪录片大量使用了从未曝光过的影像资料，讲述英国著名灵长类动物学家珍·古道尔的非凡故事。影片记录了她早年在坦桑尼亚的探索和研究，把重点放在她划时代的野外工作、她和丈夫摄影师雨果·范·劳克的关系，还有她所深入研究的黑猩猩上。作为一名长期的动物爱好者，珍在1957年实现了与非洲野生动物生活在一起的梦想。当时人类学家路易斯·利基博士在寻找研究猿类的帮手，珍虽然没有受过正规的训练，却仍然得到了利基博士的信任和重用。研究期间，珍发现了一个将震撼科学界的事实——黑猩猩会使用和修改工具，以帮助自己捕捉昆虫进食。,BV1VA411b7nM
英雄之城,9.9分,78.6万播放  ·  120弹幕  ·  3万追剧,人文 ·,2020 ·,简介：有人，在面对恐慌和未知时勇敢拉响警报；有人，在举步维艰的条件下与死神争分夺秒；有人，在困境中守望施援，重唤人们对美好与希望的向往。在武汉——这座英雄之城，每个人都在努力做对的事，以他们的真心、无畏和正直，助力打赢这场疫情防控的人民战争。新华社记者勇闯“红区” ，60多位记者“疫”线拍摄。首部武汉战疫2个月全景纪录片，一部感天动地的中国抗“疫”群英谱。,BV1xz411b7z9
上升：我们一起飞上3万米高空,9.9分,513.1万播放  ·  6.7万弹幕  ·  11.8万追剧,科技 / 宇宙 / 人文 ·,2020 ·,简介：由影视飓风团队摄制、出品的《探空气球》是一档高画质的科技类纪录片，本片以第一视角，记录下足够高质量的（8K分辨率、360°全景）近太空地球外貌画面影像，展现自然和天文的独特魅力。并通过幕后记录，讲述背后的创作经历和追梦故事，旨在传播科学和探索魅力，传递追逐梦想的力量和精神。,BV1M7411v7uX
围城随笔,9.9分,353.8万播放  ·  1.9万弹幕  ·  10.2万追剧,旅行 ·,2019 ·,简介：由@在远方的阿伦 独立拍摄制作完成的以省份地区或者地理坐标为划分的风景人文旅行纪录片系列。他用独特的视角和语言解构中国的人文地理，既发现旅途中的“山河湖海”，也记录在路上的“大国小民”； 既有关城市、村落、田野，也有关旅行和生活。,BV1gb411A7Gx
单伦单车游中国 第二季,9.9分,101.4万播放  ·  3585弹幕  ·  2.3万追剧,旅行 ·,2019 ·,简介：阿伦是一位独自旅行的记录者，《单伦单车游中国第二季》是阿伦独立拍摄制作的自驾游中国的公路纪录片，既有大好河山，也有大国小民。这一季，他行驶过川藏北线、新藏线、独库公路、西北环线并独自穿越过柴达木盆地，并与友人相约重装徒步穿越天山南北。,BV1jW411E78x
未至之境（中配版）,9.9分,730.3万播放  ·  6.3万弹幕  ·  78.1万系列追剧,动物 / 自然 ·,2019 ·,"简介：从绵延万里的山脉高原，到枝繁叶茂的雨林竹海，我们涉足了中国人迹罕至的未至之境。本剧将探秘那些我们所知甚少的国内野生动物，跟拍它们""平凡普通""的日常生活，揭开珍稀动物们的神秘面纱。",BV1yJ411U7QL
古董超有趣,9.9分,801.3万播放  ·  1.9万弹幕  ·  16.1万追剧,历史 / 人文 ·,2019 ·,简介：《古董超有趣》是由李木瓜个人制作的面向年轻群体的古董文物短视频，旨在以轻松有趣的方式拉近古代器物与你的距离，普及知识与背后的历史故事。,BV1Jb411T7p3
戚继光,9.9分,188.4万播放  ·  1.6万弹幕  ·  6.7万追剧,历史 / 人文 ·,2019 ·,简介：浙江卫视创制的纪录片《戚继光》聚焦他在东南沿海的抗倭经历，通过分集《参将》、《倭患》、《新兵》、《铁军》、《战神》，以全新的创作思维，解读400多年前的一段英雄故事。不同于以往纪录片中的情景再现，纪录片《戚继光》选取了定格动画这一创作手法，风格化地呈现了戚继光的英雄形象。,BV1VE411h7oH
寻找手艺2,9.9分,53万播放  ·  1.1万弹幕  ·  28.7万系列追剧,人文 / 探险 / 社会 / 旅行 ·,2019 ·,简介：这是《寻找手艺》的回访，又一部失败的纪录片。这次，导演的梦想是想做一部电影，当然，他肯定失败了。他曾经想，干脆把这部片子雪藏了，可是，至少它还有一个作用：寻人启事，如果能达到这个目标，那也值。所以，如果你不小心点开了它，恳请把它看完，结尾时导演的那个请求，可能是这部片子最大的价值。来，让我们祈祷！,BV1RE411k7yH
FOX的北极之旅,9.9分,214.4万播放  ·  1.4万弹幕  ·  5.3万追剧,人文 / 旅行 / 自然 ·,2019 ·,简介：白雪皑皑的绝美冰原、天空中飘舞着炫丽极光的永夜世界，这是许多人对于冬季北极地区的直观印象。而bilbili知名旅行UP主公路旅人FOX将与重量级的好友一同驾车深入壮丽的冬季北欧北极冰原，带给个人前所未有、仿佛在亲身旅行的壮阔体验。,BV1Qb411Y7YM
未至之境（英配版）,9.9分,1903.3万播放  ·  10.3万弹幕  ·  78.1万系列追剧,动物 / 自然 ·,2019 ·,"简介：从绵延万里的山脉高原，到枝繁叶茂的雨林竹海，我们涉足了中国人迹罕至的未至之境。本剧将探秘那些我们所知甚少的国内野生动物，跟拍它们""平凡普通""的日常生活，揭开珍稀动物们的神秘面纱。本片由bilibili与美国国家地理联合出品，中国野生动物保护协会与英国布赖恩里斯公司联合摄制。",BV1kJ411U7mB
生命的起源,9.9分,269.7万播放  ·  9922弹幕  ·  15.7万追剧,自然 / 科技 ·,2019 ·,简介：世界著名自然历史节目主持人大卫·爱登堡爵士和获得无数奖项的大西洋制作公司合作进行了此次时间之旅，周游世界，试图发现最早的动物如何在我们的星球上出现。·爱登堡与致力于寻找化石的专家会面，并实地参观了一些最为著名的发现现场，在这些地方的发现改变了人类对最初生命形态的理解，包括最早的眼睛，牙齿，最早的食肉动物，和最早的寄生虫。爱登堡使用电脑生成图像将6亿年前这些怪异的原始生物呈现在我们面前。《爱登堡之旅》（55分钟）在完成对生命起源追踪的同时，也使我们对爱登堡有了深刻的了解。,BV1R4411F77t
雄心勃勃 垃圾一坨,9.9分,225.3万播放  ·  1.4万弹幕  ·  112.6万系列追剧,人文 / 科技 / 探险 ·,2019 ·,简介：Top Gear，是由BBC出品的一档汽车娱乐节目，自2002年改版推出，至今已经26季。脑回路清奇的创意、疯狂在燃烧的经费、堪比好莱坞的制作，它被称为全世界最好的汽车秀。,BV1Bt411F7gh
冰冻星球：史诗之旅,9.9分,64.7万播放  ·  5410弹幕  ·  6.1万追剧,自然 / 动物 ·,2019 ·,简介：这个精彩的一小时特别节目带来了备受赞誉的《冰冻星球》系列中的亮点，带领观众领略整个极地年中的壮观景象——从最冷的寒冬到融化的极地夏季。在南极，春季随着雄性阿德利企鹅的活动开启。这种企鹅十分滑稽，喜欢偷石头。夏季，雌性企鹅回归，企鹅父母要赶在秋季的大冰冻来临之前抚育幼崽。在北极，小小的北极熊在雪下开始了它们的生活，此时，雄性北极熊面临着地球上最严酷的冬季。脚下的冰在融化，3只幼崽能否生存下来？我们将在令人震撼的极地景观中呈现这些故事以及《冰冻星球》其它角色令人难忘的瞬间。,BV1E4411G7YV
都在酒里,9.9分,205.3万播放  ·  1.2万弹幕  ·  32.6万系列追剧,美食 / 社会 ·,2019 ·,简介：机核GSENSE带来全新系列纪录片《都在酒里》，这次我们拉来机核的老朋友老张，开启一场走遍世界的特别精酿啤酒之旅，与他同行的则是爱吃爱喝的Moby和西蒙。精酿啤酒这个概念火了很久，但其中有什么门道和值得一提的魅力？这部纪录片就会告诉你！,BV194411B74h
侠游四方,9.9分,101万播放  ·  1.5万弹幕  ·  2.9万追剧,社会 / 人文 ·,2019 ·,"简介：游戏玩家是一群熟悉又陌生的群体，这一次让我们跨越次元走进虚拟头像后的精彩人生。
在剑网3十周年到来之际，中国首部以游戏玩家为主题的大型纪录片即将于8月2日与侠士们见面了！我们从西山居出发，走出次元的边界，采撷最真实的素材。历时151天，跨越18个时区，行程53394公里，跨越山河湖海，从雪原到戈壁，从都市到乡间不论是00后，还是50后，和这个江湖中有趣的灵魂相遇...",BV16t411F7tc
足球少年养成 第二季,9.9分,98.5万播放  ·  9111弹幕  ·  3.7万系列追剧,社会 / 运动 / 人文 ·,2019 ·,简介：日本全国高中足球选手权大会是非常具有代表性的校园体育赛事，拥有近百年历史，蕴含非常青春正能量的校园足球文化。本系列《足球少年养成》第二季主要围绕第97回日本高中足球选手权大会，是对第一季内容的补充和延伸，本次主创团队进行了为期三个月的拍摄，造访了日本传统体育名校青森山田高校、静冈学园、日本航空高校以及神户胜利船俱乐部等地，补充了第一季所缺失的县大赛部分内容，也延伸跟踪记录第一季故事主角的成长动态，相比第一季有着更丰富的故事场景和人物线索，能够更全面和深入的让用户了解到日本校园足球的完整体系，也让关于“成长”和“教育”的故事更有现实意义。,BV1Et411E7HK
詹姆斯·梅的人民之车 第一季,9.9分,79.7万播放  ·  7772弹幕  ·  112.6万系列追剧,人文 / 科技 / 探险 ·,2019 ·,简介：跨越世界山河的汽车比拼，经费再次疯狂燃烧，全世界最好的汽车秀，Top Gear第27季全新主持整容即将开跑！,BV16441137qF
Top Gear总集篇,9.9分,123.3万播放  ·  9057弹幕  ·  112.6万系列追剧,人文 / 科技 / 探险 ·,2019 ·,简介：不设边界、不找借口、不守规矩，Top Gear第26季将于2月18日起，bilibili全网独播！每周一10:00更新一集，游戏开始！,BV1B4411L7JD
荒野求生 第四季,9.9分,3553.6万播放  ·  19.1万弹幕  ·  161.7万系列追剧,探险 / 自然 / 运动 ·,2019 ·,简介：贝尔 格里尔斯来到北极圈的冰冷水域，这里是地球上最严寒的地带之一。贝尔要挑战冰冻的瀑布，并且狩猎野生驯鹿。他临时把降落伞当做风筝，穿过一大片冰湖，接着跃入齐颈深的冰冷河水。当他终于安全穿越海岸，他的探险之旅依然没有结束。贝尔要用被海水冲上岸的一块块残骸，制造一艘小筏，划往峡湾外的岛屿。只有在那里，他的信号弹才能被航线上的渔船发现。,BV1J4411F7oA
荒野求生 第三季,9.9分,2880.0万播放  ·  18.3万弹幕  ·  161.7万系列追剧,探险 ·,2019 ·,简介：在《荒野求生》第三季节目中，贝尔·格里尔斯将来到地球上最艰苦、最荒凉的地方接受挑战。贝尔将利用他独特的生存技术向您展示如何在这样的环境中生存一周。但是如果没有正确的生存技能，你连一天都忍不了。,BV1i4411v7uW
萌宠成长记 第一季,9.9分,394.1万播放  ·  2.4万弹幕  ·  33万系列追剧,动物 / 萌宠 ·,2019 ·,简介：毛绒绒的小毛球，柔软的小肉垫是否会让你心动不已呢。“萌宠成长记”使用了先进的设备，并借鉴拍摄野生动物纪录片的手法，在每集都讲述了三个品种的小狗或小猫的成长故事，绝对会让喜欢萌宠的你过足瘾。从刚出生时的蹒跚学步，发出第一声野性的呼唤，到之后的结交新友，勇敢踏上大冒险，再到最后离开爸爸妈妈去往新家庭。他们有的调皮捣蛋，有的温柔可爱，有的虽然瘦小却意志坚定，有的一出世就对一切充满好奇。虽然各不相同，但有一点是肯定的，那就是他们都太萌了。,BV1Zt411f7bL
深海：深渊之光,9.9分,223.7万播放  ·  9871弹幕  ·  9.4万追剧,动物 / 自然 ·,2018 ·,简介：在加利福尼亚的西部沿海，旧金山以南200公里的地方，坐落着蒙特雷湾。洋流将丰富的营养物质带到这片海湾，养活了数量众多的海洋哺乳动物。而在海面下，存在着巨大的水下峡谷。在200米到1000米深度之间，光线无法渗透的“暮光带”中，生活着一群会自体发光的生物。研究员和摄像师聚集在此，数次潜水，试图捕捉在几近漆黑的深渊，熠熠闪烁的奇妙生物的画面。生物发光的原理是什么？作用又是什么？这些都是久而未解的谜团。,BV1nW411o7QW
不了神话：宫崎骏,9.9分,633.9万播放  ·  1.4万弹幕  ·  49.3万系列追剧,人文 ·,2018 ·,简介：日本动画传奇宫崎骏忽然在3年前宣布退休，并关闭了吉卜力工作室。他说，再也不想做动画电影。在鼎盛时期，吉卜力工作室制作了许多杰作，构建了扣人心弦的幻想世界。这一次，所有人都觉得，一切都结束了。而事实上，始终坚持手绘的宫崎骏借助计算机技术，制作了一部12分钟的电影短片，还正筹备制作一部新的动画电影。已经七十多岁的宫崎骏除了面临接班人难寻的困境，还不得不接受昔日老友和同事接连离世的悲伤……,BV13W411o7bp
与猎豹同行,9.9分,173.5万播放  ·  1.6万弹幕  ·  5.3万追剧,动物 / 自然 ·,2018 ·,简介：电影制片人金·沃尔哈特赢得了一个猎豹家族的信任。它们允许金·沃尔哈特留在它们身边，同它们一起狩猎、追逐－杀戮狮子、倚靠犀牛站立、每天直面死亡。,BV1zW411d7zp
荒野求生 第二季,9.9分,2852万播放  ·  43.7万弹幕  ·  161.7万系列追剧,探险 ·,2018 ·,简介：在《荒野求生》第二季节目中，贝尔·格里尔斯将来到地球上最艰苦、最荒凉的地方接受挑战。贝尔将利用他独特的生存技术向您展示如何在这样的环境中生存一周。但是如果没有正确的生存技能，你连一天都忍不了。,BV1cW411Z7kD
萌宠成长记,9.9分,621.9万播放  ·  4.5万弹幕  ·  33万系列追剧,动物 / 萌宠 ·,2018 ·,简介：最能让我们卸下心防回归纯真的两种生物就是宠物和婴儿，但如果这两种生物合二为一: 婴儿期的宠物，又会带来多强的杀伤力呢？本系列纪录片中记录了共三十一个不同品种的猫猫狗狗，从初生时的萌萌肉团到成年的点滴，他们或许兄妹成群，却有迥异的秉性；即便已成年多日，仍有小孩子般可爱的脾气，好奇地探索和学习着这个斑斓世界。成年后的他们也有各自的重要角色，与我们在社会中共存。观看这一系列影片时，你在被他们的满满萌力射穿的同时，也将感慨生命的力量与神奇。,BV1Pp411f7RU
足球少年养成,9.9分,111.9万播放  ·  6254弹幕  ·  3.7万系列追剧,人文 / 社会 / 运动 ·,2018 ·,简介：校园的情怀，青春的符号，热血，泪水，汗水，应援，梦想，日本高中足球有着太多生动的标签，黑马体育情怀之作：三集校园足球纪录片《少年足球养成》，即将在4月20日全平台上线播出，第一次为中国球迷完整记录这个具有96年历史的校园足球赛事，真实呈现青春洋溢、多彩细腻的日本校园足球文化，三集纪录片分别以 “全国制霸”、“青春的勋章”、“愿燃烧殆尽”为主题，根据不一样的线索讲述日本高中足球的故事，也希望能为中国足球探索校园足球发展提供一个近邻的样本参考。拥抱校园，拥抱青春，校园足球可以很美好。,BV1FW41157ed
Top Gear 第20季,9.9分,285.8万播放  ·  2.3万弹幕  ·  112.6万系列追剧,科技 / 运动 / 社会 ·,2018 ·,简介：Top Gear，是由BBC出品的一档汽车娱乐节目，自2002年改版推出，至今已经25季。脑回路清奇的创意、疯狂在燃烧的经费、堪比好莱坞的制作，它被称为全世界最好的汽车秀。本次，Top Gear第25季将于2月26起，在bilibili全网独播，每周一10:00更新一集，前24季也将陆续上线。不解释了，赶紧上车吧。,BV1eW411K76E
生命时速·紧急救护120,9.9分,1856.2万播放  ·  12.4万弹幕  ·  20.7万追剧,医疗 / 社会 ·,2018 ·,简介：全国首部大型院前医疗急救纪实片。 该片记录了上海“流动的急诊室”内外的故事， 展现了医患间、病人与亲友间的情感与理解，同时科普了急救知识，助推实现“健康中国”。,BV1kW411M7ws
Top Gear 第22季,9.9分,868万播放  ·  6.2万弹幕  ·  112.6万系列追剧,科技 / 运动 / 社会 ·,2018 ·,简介：Top Gear，是由BBC出品的一档汽车娱乐节目，自2002年改版推出，至今已经25季。脑回路清奇的创意、疯狂在燃烧的经费、堪比好莱坞的制作，它被称为全世界最好的汽车秀。本次，Top Gear第25季将于2月26起，在bilibili全网独播，每周一10:00更新一集，前24季也将陆续上线。不解释了，赶紧上车吧。,BV1qW411g79e
如果国宝会说话 第二季,9.9分,2627.5万播放  ·  6万弹幕  ·  138.7万系列追剧,人文 / 历史 ·,2018 ·,简介：《如果国宝会说话》共１００集，分为四季播出，第二季将于２０１８年7月23日开始在中央电视台纪录频道首播。为拍摄该纪录片，摄制组足迹遍布全国，拍摄了近百家博物馆和考古研究所，５０余处考古遗址。纪录片没有渲染猎奇和神秘的曲折表述，也避免了高冷的学术性叙事。在每集５分钟的时间里，文物用通俗易懂的语言与观众平等对话，“诉说”发生在自己身上的传奇。,BV18s411P7kS
喋血长平,9.9分,330万播放  ·  5.2万弹幕  ·  10.3万追剧,军事 / 历史 / 人文 ·,2017 ·,简介：长平之战是中国古代军事史上规模空前的一场战略决战，秦赵两国先后在战役中投入兵力上百万。战国四名将中的白起、廉颇都参与了此战，四十万赵军俘虏被一夜坑杀，战况极其惨烈血腥。敌对双方的政治手腕与军事谋略在长平之战中都得到了淋漓尽致的表现。这场战役不仅造就了“纸上谈兵“的典故，也隐含着众多不为人所细查的秘密。,BV1fx411r7Mb
如果国宝会说话 第一季,9.9分,2252.6万播放  ·  13万弹幕  ·  138.7万系列追剧,人文 / 历史 ·,2018 ·,简介：《如果国宝会说话》共１００集，分为四季播出，第一季将于２０１８年１月１日开始在中央电视台纪录频道首播。为拍摄该纪录片，摄制组足迹遍布全国，拍摄了近百家博物馆和考古研究所，５０余处考古遗址。纪录片没有渲染猎奇和神秘的曲折表述，也避免了高冷的学术性叙事。在每集５分钟的时间里，文物用通俗易懂的语言与观众平等对话，“诉说”发生在自己身上的传奇。,BV1mW411q7sZ
寻找手艺,9.9分,375.8万播放  ·  13.9万弹幕  ·  28.7万系列追剧,人文 / 社会 ·,2017 ·,"简介：这是一部行走式的纪录片，讲述三个纪录片的外行，寻找拍摄199名手艺人的故事。 片子没有华丽的画面，没有绝妙的悬念。它只展现真诚，安安静静地和你讲述一系列属于中国自己的、温暖的故事。
从情感上，它甚至是一部主旋律纪录片，但它放下以往纪录片的高高在上，而是从个人情感切入， 以极强的代入感，带领观众体验一次真诚的文化之旅。
在前期拍摄，本片没有一丝摆拍及人为导演痕迹，完全没有主流的“专业”架式。在后期讲述角度上，本片大胆采用了风险最大的第二人称。
本片音乐由小河、钟立风操刀，每一个音符都是原创。
是的，它和你想象的纪录片完全不一样。",BV1rx411D7j4
寻味顺德,9.9分,1560.2万播放  ·  13.9万弹幕  ·  23万追剧,美食 / 人文 ·,2016 ·,"简介：《寻味顺德》由创作《舌尖上的中国》的主力团队担纲制作，《舌尖》系列片总导演、央视纪录频道项目运营部主任陈晓卿担任该片总顾问，《舌尖》第二季之《秘境》的导演刘硕和费牖明共同执导；著名配音表演艺术家、《舌尖》系列片解说李立宏担任解说；国内一流的文化学、人类学等诸多领域的专家学者和美食达人组成庞大的顾问团队，为该片奉献了绝佳的创意和专业的支持。
“今天是谷雨，一年前这部纪录片在顺德开始拍摄。我们走遍了大街小巷，每天都能感受到顺德带给我们的惊喜。”刘硕和费牖明说，积累了36,000分钟的原始素材，最终精剪出150分钟的《寻味顺德》，这其间，摄制团队经历了很多意想不到的艰辛。“在三集的纪录片中，我们不仅要讲述珠三角的悠久传统，向祖先的智慧致敬，更重要的是表达一个主题：在美食传统中寻找前行的力量。”他们表示，作为《舌尖》第二季的导演，创作《寻味顺德》是又一次难得的历练机会，系统学习了媒体纪录片的模式化制作，真正做到在创作的各个环节都符合纪录片国际化的规范和标准。",BV1as411B7D5
单向乐队：我们所到之处,9.9分,14.2万播放  ·  610弹幕  ·  6502追剧,人文 / 社会 ·,2015 ·,简介：《单向乐队：我们所到之处》演唱会电影，将包含乐队6月28日及29日，在米兰圣西罗球场举行的演唱会实况，75分钟演唱会画面，《What Makes You Beautiful》及《Best Song Ever》等大热歌曲一网打尽，外加15分钟的独家幕后花絮及乐队成员采访。,BV1Zx411Q7SL
自然世界：揭秘猫头鹰,9.9分,18.9万播放  ·  2495弹幕  ·  1万追剧,自然 / 动物 ·,2017 ·,简介：猫头鹰以其独特的面孔和非凡的头部转动能力而成为最受我们喜爱的鸟。但我们很少在野外看到它们。这些神秘的鸟儿时常在深夜中出没，静悄悄地掠过黑暗。那么它们是如何在黑暗中看见东西以及悄无声息地飞行的呢？透过两只特别的谷仓猫头鹰雏鸟的眼睛，并在世界顶级科学家的帮助下，《自然世界》将展示猫头鹰超级能力背后的秘密。,BV1Vx411J7oZ
企鹅群里有特务,9.9分,268.1万播放  ·  7.1万弹幕  ·  15.5万追剧,自然 / 动物 ·,2013 ·,简介：剧组制作了17台机器企鹅，并在它们身上安装了50种不同的“眼睛”（镜头），然后将这些“企鹅间谍”放入野生的企鹅群落中。因为有了“企鹅间谍”，制作单位有史以来以最近距离揭示了自然界最称职的父母——在南极洲长途跋涉的帝企鹅团队，在秘鲁阿塔卡马沙漠的跳岩企鹅和洪堡特企鹅家族的秘密生活。感谢这些企鹅间谍的相助，它们帮助记录人员在企鹅的栖息地中，在不打扰其正常生活的同时进行隐秘拍摄，也为观众展现了世界上最憨态可掬的动物——企鹅的真实情感世界，节目组也首次拍摄到一名帝企鹅妈妈产下下宝贝的全过程。,BV1rx411S7GL
二十二,9.9分,527.7万播放  ·  4万弹幕  ·  21.7万追剧,纪实 ·,2017 ·,简介：在日本侵华战争（1937-1945）的八年期间，20万中国妇女被迫沦为日军性奴隶。在纪录电影《二十二》开拍之时，中国内地仅剩22位“慰安妇”幸存者。当光阴慢慢划过，时间抚平伤口，这些经历了常人无法想象磨难的老人们，如今又身在何处，过着怎样的生活，经历着怎样的悲喜忧乐？剧组在中国内地的黑龙江、山西、湖北、广西、海南5省的29个地区进行了几个月的拍摄，完整、全面的记录下了中国内地幸存的22位“慰安妇”老人在2014年的生活现状和其中几位老人的内心世界。,BV1iW411W78V
第一餐2,9.8分,4276.6万播放  ·  4.6万弹幕  ·  116.5万系列追剧,美食 / 人文 ·,2024 ·,简介：继续探索全国各地独具特色的早餐文化及传奇早餐店，以温暖轻快的方式讲述中国晨起之味，感受中国早餐美食的诱人，体会中国人细腻温柔的情感故事。,BV1jm411f7o1
中国通史,9.8分,1.6亿播放  ·  133万弹幕  ·  294.5万系列追剧,历史 / 人文 ·,2020 ·,简介：《中国通史》以丰富的视听手段再现自中华文明起源到1911年时期的浩瀚历史图景，较全面地讲述中国古代历史发生、发展过程，揭示历史发展趋势及规律。,BV1Rf4y1m7yk
守护解放西3,9.8分,4.3亿播放  ·  252万弹幕  ·  501.7万系列追剧,社会 / 罪案 ·,2022 ·,简介：《守护解放西》作为一档警务纪实节目，通过观察纪录式的拍摄手法，以湖南省长沙市坡子街派出所民警为人物核心，深度展示大都市核心商圈城市警察的日常工作。,BV1V3411e7ok
不止考古·我与三星堆,9.8分,1.6亿播放  ·  10万弹幕  ·  42.2万追剧,历史 / 人文 / 社会 ·,2022 ·,简介：《不止考古·我与三星堆》由哔哩哔哩独家自制出品，国内首部以考古人为拍摄视角的人文纪录片。在三星堆新发现的大背景下，本片从发掘、保护、修复、研究等多个维度，真实记录一群考古人背后的故事。他们深耕田野，发掘四季；守护文物，与时间为敌；对话过去，唤醒历史的记忆……考古不止有古老的文明，璀璨的瑰宝，更有尘土之下，内心深处的仰望。,BV1KN4y1w784
单挑荒野 第二季,9.8分,6143.8万播放  ·  28.6万弹幕  ·  287.6万系列追剧,探险 ·,2019 ·,简介：第二季：蒙古戈壁、瓜地马拉、纳米比亚。探险家兼求生专家埃德·斯塔福德(Ed·Stafford)会在《单挑荒野》节目中把求生技能发挥到极致。在每集节目中，埃德将只身受困于一个偏远地点长达十天，他将只身抵御地球上最恶劣的环境，除了录影设备身上再无其他工具，甚至连一把小刀都没有。身心备受考验。没有粮食和食水，没有衣服或者户外装备。,BV15x411X7vH
众神之地,9.8分,1.5亿播放  ·  17.2万弹幕  ·  100.5万追剧,自然 / 动物 / 人文 ·,2022 ·,简介：人类一直在探索自然的奥义，我们通过探访各种极致的自然地貌和这片土地上的生命，探寻人、动物、自然的和谐共生之道。这一次我们跨越中国四角的不同生态，通过探寻四种令人敬畏的动物，通过努力感受它们，尝试与天地沟通。它们在远古曾经是图腾，是食物链顶端的动物——森林之王东北虎、海上精灵白海豚、雨林巨无霸亚洲象和雪山使者野牦牛。这四种被称为旗舰物种的动物，它们与天地同生，与人类共存，用特殊的方式帮助人与自然对话。众神之地，是那些神奇沟通的发生之地。,BV1TS4y1H7qM
守护解放西,9.8分,1.9亿播放  ·  182.3万弹幕  ·  501.7万系列追剧,社会 / 罪案 ·,2019 ·,简介：由哔哩哔哩及中广天择传媒股份有限公司联合出品制作的《守护解放西》作为一档警务纪实节目，通过观察纪录式的拍摄手法，以湖南省长沙市坡子街派出所民警为人物核心，深度展示大都市核心商圈城市警察的日常工作。节目共10集，通过民警巡逻、多警种联动、疑犯审讯、要案参与等事件，展现警情复杂地带的法、理、情、事，展现有担当、有理性、有人情的人民警察形象，并通过各类案件故事普及相关安全和法律常识。,BV1EJ411N7FW
